﻿<?xml version="1.0" encoding="utf-8"?>
<!--用来记录不同用户的不同设置-->
<Config>
  <List>
    <Dock name="IconDock" value="快捷方式">
    </Dock>
    <Dock name="InfoDock" value="企业信息">
    </Dock>
    <Dock name="JScardDock" value="金税卡信息">
    </Dock>
    <Dock name="TongjiDock" value="统计">
    </Dock>
  </List>
  <User Name="_common_">
    <DockList>
      <Dock name="JScardDock" value="金税卡状态" column="1" />
      <Dock name="IconDock" value="快捷方式" column="0" />
      <Dock name="InfoDock" value="企业信息" column="0" />
      <Dock name="TongjiDock" value="统计信息" column="1" />
    </DockList>
    <IconDock>
      <Icon title="专用发票填开" style="system" value="Menu.Fpgl.Fptk.ZyFptk" icon="发票管理_专用发票填开" row="1" column="2" />
      <Icon title="普通发票填开" style="system" value="Menu.Fpgl.Fptk.PtFptk" icon="发票管理_普通发票填开" row="1" column="2" />
      <Icon title="已开发票作废" style="system" value="Menu.Fpgl.Fpkj.ykfpzf" icon="发票管理_已开发票作废" row="2" column="1" />
      <Icon title="已开发票查询" style="system" value="Menu.Fpgl.Fpkj.ykfpcx" icon="发票管理_已开发票查询" row="2" column="1" />
      <Icon title="申请单填开" style="system" value="Menu.Hzfp.TianKai" icon="红字发票申请单_申请单填开" row="2" column="1" />
      <Icon title="系统注册" style="system" value="Menu.Xtgl.Xtzc" icon="系统管理_系统注册" row="0" column="1" />
      <Icon title="报税盘注册" style="system" value="Menu.Xtsz.TaxPanRegister" icon="系统设置_抄报税管理" row="0" column="1" />
      <Icon title="从存储卡读入新购发票" style="system" value="Menu.Fplygl.Lygl.Drxgfp.Drxgfpcard" icon="发票领用管理_从存储卡读入新购发票" row="0" column="1" />
      <Icon title="基本参数设置" style="system" value="Menu.Xtsz.BaseParasSet" icon="系统设置_基本参数设置" row="0" column="1" />
      <Icon title="抄税处理" style="system" value="Menu.Bsgl.Cbsgl.Cscl" icon="报税管理_抄报税处理" row="2" column="1" /> 
      <Icon title="" style="add" value="添加" icon="" row="0" column="1" />
    </IconDock>
  </User> 
</Config>