﻿<Conditions>
  <Condition>
    <Name>类别查询</Name>
    <Field>类别代码</Field>
    <Operator>等于</Operator>
    <Value ValueType="String">|参数|</Value>
  </Condition>
  <Condition>
    <Name>名称查询</Name>
    <Field>类别名称</Field>
    <Operator>等于</Operator>
    <Value ValueType="String">|参数|</Value>
  </Condition>
  <Condition>
    <Name>近期领购发票</Name>
    <Field>领购日期</Field>
    <Operator>大于等于</Operator>
    <Value ValueType="DateTime">|参数|</Value>
  </Condition>
</Conditions>