﻿<?xml version="1.0" encoding="utf-8"?>
<root>
	<ToolBarItemCollection>
		<ToolBarItem text="库存查询" tooltip ="发票库存查询" image="发票领用管理_发票库存查询_48" menuID="Menu.Fplygl.Fpkccx"/>
		<ToolBarItem text="专票填开" tooltip="专用发票填开" image="发票管理_专用发票填开_48" menuID="Menu.Fpgl.Fptk.ZyFptk"/>
		<ToolBarItem text="普票填开" tooltip="普通发票填开" image="发票管理_普通发票填开_48" menuID="Menu.Fpgl.Fptk.PtFptk"/>
		<ToolBarItem text="已开查询" tooltip="已开发票查询" image="发票管理_已开发票查询_48" menuID="Menu.Fpgl.Fpkj.ykfpcx"/>
		<ToolBarItem text="发票修复" tooltip="发票修复" image="发票管理_发票修复_48" menuID="Menu.Fpgl.Fpkj.Fpxf"/>
		<ToolBarItem text="申请单填开" tooltip="申请单填开" image="红字发票申请单_申请单填开_48" menuID="Menu.Hzfp.TianKai"/>
		<ToolBarItem text="抄税处理" tooltip="抄税处理" image="报税管理_抄报税处理_48" menuID="Menu.Bsgl.Cbsgl.Cscl"/>
		<ToolBarItem text="报税资料" tooltip="报税资料传出" image="报税管理_报税资料传出_48" menuID="Menu.Bsgl.Cbsgl.Bszlcc"/>
		<ToolBarItem text="发票导出" tooltip="发票数据导出" image="发票领用管理_发票库存查询_48" menuID="Menu.Bsgl.Cbsgl.Fpsjdc"/>
		<ToolBarItem text="月度资料" tooltip="金税卡月度资料统计" image="发票管理_专用发票填开_48" menuID="Menu.Bsgl.InvDataMonthlyStatistic"/>
		<ToolBarItem text="年度资料" tooltip="金税卡年度资料统计" image="发票管理_普通发票填开_48" menuID="Menu.Bsgl.InvDataStatistic"/>
		<ToolBarItem text="发票领用" tooltip="发票领用存月报表" image="发票管理_已开发票查询_48" menuID="Menu.Bsgl.InvoiceReport"/>
	</ToolBarItemCollection>
</root>