﻿<?xml version="1.0"?>
<root>
  <tableType typeName="编码类表">
    <!--覆盖标志0=不提示覆盖删除相同数据后再添加数据，1="提示覆盖还是跳过"-->
    <overlayMark>0</overlayMark>
    <table>
      <!--CB数据表路径-->
      <tablePathCB>\DEFAULT\WORK\</tablePathCB>
      <!--表名称，tableNameCB="CB版本数据表名" tableNameC="C#版本数据表名"-->
      <tableName tableNameCB="商品税目编码" tableNameC="BM_SPSM">
        <fieldName fieldNameCB="税种" fieldNameC="SZ" defaultValue=""/>
        <fieldName fieldNameCB="编码" fieldNameC="BM" defaultValue=""/>
        <fieldName fieldNameCB="名称" fieldNameC="MC" defaultValue=""/>
        <fieldName fieldNameCB="税率" fieldNameC="SLV" defaultValue=""/>
        <fieldName fieldNameCB="征收率" fieldNameC="ZSL" defaultValue=""/>
        <fieldName fieldNameCB="数量计税" fieldNameC="SLJS" defaultValue=""/>
        <fieldName fieldNameCB="计税单位" fieldNameC="JSDW" defaultValue=""/>
        <fieldName fieldNameCB="税额" fieldNameC="SE" defaultValue=""/>
        <fieldName fieldNameCB="密度系数" fieldNameC="MDXS" defaultValue=""/>
        <fieldName fieldNameCB="非核定标志" fieldNameC="FHDBZ" defaultValue=""/>
        <PrimaryKey>
          <Value>1</Value>
          <Value>2</Value>
        </PrimaryKey>
      </tableName>
    </table>



    <table>
      <!--CB数据表路径-->
      <tablePathCB>\DEFAULT\WORK\</tablePathCB>
      <!--表名称，tableNameCB="CB版本数据表名" tableNameC="C#版本数据表名"-->
      <tableName tableNameCB="客户编码" tableNameC="BM_KH">
        <fieldName fieldNameCB="编码" fieldNameC="BM" defaultValue=""/>
        <fieldName fieldNameCB="名称" fieldNameC="MC" defaultValue=""/>
        <fieldName fieldNameCB="简码" fieldNameC="JM" defaultValue=""/>
        <fieldName fieldNameCB="上级码长" fieldNameC="SJBM" defaultValue=""/>
        <fieldName fieldNameCB="下级码长" fieldNameC="KJM" defaultValue=""/>
        <fieldName fieldNameCB="税号" fieldNameC="SH" defaultValue=""/>
        <fieldName fieldNameCB="地址电话" fieldNameC="DZDH" defaultValue=""/>
        <fieldName fieldNameCB="境外标志" fieldNameC="JWBZ" defaultValue=""/>
        <fieldName fieldNameCB="银行帐号" fieldNameC="YHZH" defaultValue=""/>
        <fieldName fieldNameCB="邮件地址" fieldNameC="YJDZ" defaultValue=""/>
        <fieldName fieldNameCB="备注" fieldNameC="BZ" defaultValue=""/>
        <fieldName fieldNameCB="应收科目" fieldNameC="YSKM" defaultValue=""/>
        <fieldName fieldNameCB="地区编码" fieldNameC="DQBM" defaultValue=""/>
        <fieldName fieldNameCB="地区名称" fieldNameC="DQMC" defaultValue=""/>
        <fieldName fieldNameCB="地区科目" fieldNameC="DQKM" defaultValue=""/>
        <fieldName fieldNameCB="身份证校验" fieldNameC="SFZJY" defaultValue=""/>
        <fieldName fieldNameCB="文件类型" fieldNameC="WJ" defaultValue=""/>
        <PrimaryKey>
          <Value>1</Value>
        </PrimaryKey>
      </tableName>
    </table>
    


  <table>
    <!--CB数据表路径-->
    <tablePathCB>\DEFAULT\WORK\</tablePathCB>
    <!--表名称，tableNameCB="CB版本数据表名" tableNameC="C#版本数据表名"-->
    <tableName tableNameCB="商品编码" tableNameC="BM_SP">
      <fieldName fieldNameCB="编码" fieldNameC="BM" defaultValue=""/>
      <fieldName fieldNameCB="名称" fieldNameC="MC" defaultValue=""/>
      <fieldName fieldNameCB="简码" fieldNameC="JM" defaultValue=""/>
      <fieldName fieldNameCB="上级码长" fieldNameC="SJBM" defaultValue=""/>
      <fieldName fieldNameCB="下级码长" fieldNameC="KJM" defaultValue=""/>
      <fieldName fieldNameCB="税率" fieldNameC="SLV" defaultValue=""/>
      <fieldName fieldNameCB="商品税目" fieldNameC="SPSM" defaultValue=""/>
      <fieldName fieldNameCB="规格型号" fieldNameC="GGXH" defaultValue=""/>
      <fieldName fieldNameCB="计量单位" fieldNameC="JLDW" defaultValue=""/>
      <fieldName fieldNameCB="单价" fieldNameC="DJ" defaultValue=""/>
      <fieldName fieldNameCB="含税价标志" fieldNameC="HSJBZ" defaultValue=""/>
      <fieldName fieldNameCB="销售收入科目" fieldNameC="XSSRKM" defaultValue=""/>
      <fieldName fieldNameCB="应缴增值税科目" fieldNameC="YJZZSKM" defaultValue=""/>
      <fieldName fieldNameCB="销售退回科目" fieldNameC="XSTHKM" defaultValue=""/>
      <fieldName fieldNameCB="海洋石油" fieldNameC="HYSY" defaultValue=""/>
      <fieldName fieldNameCB="商品种类" fieldNameC="SPZL" defaultValue=""/>
      <fieldName fieldNameCB="商品属性" fieldNameC="ISHIDE" defaultValue="0000000000"/>
      <fieldName fieldNameCB="稀土编码" fieldNameC="XTCODE" defaultValue=""/>
      <fieldName fieldNameCB="文件类型" fieldNameC="WJ" defaultValue=""/>
      <PrimaryKey>
        <Value>1</Value>
      </PrimaryKey>
    </tableName>
  </table>


    <table>
      <!--CB数据表路径-->
      <tablePathCB>\DEFAULT\WORK\</tablePathCB>
      <!--表名称，tableNameCB="CB版本数据表名" tableNameC="C#版本数据表名"-->
      <tableName tableNameCB="发货人编码" tableNameC="BM_SFHR">
        <fieldName fieldNameCB="编码" fieldNameC="BM" defaultValue=""/>
        <fieldName fieldNameCB="名称" fieldNameC="MC" defaultValue=""/>
        <fieldName fieldNameCB="简码" fieldNameC="JM" defaultValue=""/>
        <fieldName fieldNameCB="上级码长" fieldNameC="SJBM" defaultValue=""/>
        <fieldName fieldNameCB="下级码长" fieldNameC="" defaultValue=""/>
        <fieldName fieldNameCB="税号" fieldNameC="SH" defaultValue=""/>
        <fieldName fieldNameCB="地址电话" fieldNameC="DZDH" defaultValue=""/>
        <fieldName fieldNameCB="银行帐号" fieldNameC="YHZH" defaultValue=""/>
        <fieldName fieldNameCB="邮政编码" fieldNameC="YZBM" defaultValue=""/>
        <fieldName fieldNameCB="文件类型" fieldNameC="WJ" defaultValue=""/>
        <PrimaryKey>
          <Value>1</Value>
        </PrimaryKey>
      </tableName>
    </table>

    <table>
      <!--CB数据表路径-->
      <tablePathCB>\DEFAULT\WORK\</tablePathCB>
      <!--表名称，tableNameCB="CB版本数据表名" tableNameC="C#版本数据表名"-->
      <tableName tableNameCB="销方编码" tableNameC="BM_XHDW">
        <fieldName fieldNameCB="编码" fieldNameC="BM" defaultValue=""/>
        <fieldName fieldNameCB="名称" fieldNameC="MC" defaultValue=""/>
        <fieldName fieldNameCB="简码" fieldNameC="JM" defaultValue=""/>
        <fieldName fieldNameCB="上级码长" fieldNameC="SJBM" defaultValue=""/>
        <fieldName fieldNameCB="下级码长" fieldNameC="" defaultValue=""/>
        <fieldName fieldNameCB="税号" fieldNameC="SH" defaultValue=""/>
        <fieldName fieldNameCB="地址电话" fieldNameC="DZDH" defaultValue=""/>
        <fieldName fieldNameCB="境外标志" fieldNameC="JWBZ" defaultValue=""/>
        <fieldName fieldNameCB="银行帐号" fieldNameC="YHZH" defaultValue=""/>
        <fieldName fieldNameCB="身份证校验" fieldNameC="SFZJY" defaultValue=""/>
        <fieldName fieldNameCB="文件类型" fieldNameC="WJ" defaultValue=""/>
        <PrimaryKey>
          <Value>1</Value>
        </PrimaryKey>
      </tableName>
    </table>

    <table>
      <!--CB数据表路径-->
      <tablePathCB>\DEFAULT\WORK\</tablePathCB>
      <!--表名称，tableNameCB="CB版本数据表名" tableNameC="C#版本数据表名"-->
      <tableName tableNameCB="费用项目编码" tableNameC="BM_FYXM">
        <fieldName fieldNameCB="编码" fieldNameC="BM" defaultValue=""/>
        <fieldName fieldNameCB="名称" fieldNameC="MC" defaultValue=""/>
        <fieldName fieldNameCB="简码" fieldNameC="JM" defaultValue=""/>
        <fieldName fieldNameCB="上级码长" fieldNameC="SJBM" defaultValue=""/>
        <fieldName fieldNameCB="下级码长" fieldNameC="" defaultValue=""/>
        <fieldName fieldNameCB="文件类型" fieldNameC="WJ" defaultValue=""/>
        <PrimaryKey>
          <Value>1</Value>
        </PrimaryKey>
      </tableName>
    </table>

    <table>
      <!--CB数据表路径-->
      <tablePathCB>\DEFAULT\WORK\</tablePathCB>
      <!--表名称，tableNameCB="CB版本数据表名" tableNameC="C#版本数据表名"-->
      <tableName tableNameCB="购货单位编码" tableNameC="BM_GHDW">
        <fieldName fieldNameCB="编码" fieldNameC="BM" defaultValue=""/>
        <fieldName fieldNameCB="名称" fieldNameC="MC" defaultValue=""/>
        <fieldName fieldNameCB="简码" fieldNameC="JM" defaultValue=""/>
        <fieldName fieldNameCB="上级码长" fieldNameC="SJBM" defaultValue=""/>
        <fieldName fieldNameCB="下级码长" fieldNameC="" defaultValue=""/>
        <fieldName fieldNameCB="税号" fieldNameC="SH" defaultValue=""/>
        <fieldName fieldNameCB="地址电话" fieldNameC="DZDH" defaultValue=""/>
        <fieldName fieldNameCB="银行帐号" fieldNameC="YHZH" defaultValue=""/>
        <fieldName fieldNameCB="身份证号" fieldNameC="IDCOC" defaultValue=""/>
        <fieldName fieldNameCB="文件类型" fieldNameC="WJ" defaultValue=""/>
        <PrimaryKey>
          <Value>1</Value>
        </PrimaryKey>
      </tableName>
    </table>

    <table>
      <!--CB数据表路径-->
      <tablePathCB>\DEFAULT\WORK\</tablePathCB>
      <!--表名称，tableNameCB="CB版本数据表名" tableNameC="C#版本数据表名"-->
      <tableName tableNameCB="车辆编码" tableNameC="BM_CL">
        <fieldName fieldNameCB="编码" fieldNameC="BM" defaultValue=""/>
        <fieldName fieldNameCB="名称" fieldNameC="MC" defaultValue=""/>
        <fieldName fieldNameCB="简码" fieldNameC="JM" defaultValue=""/>
        <fieldName fieldNameCB="上级码长" fieldNameC="SJBM" defaultValue=""/>
        <fieldName fieldNameCB="下级码长" fieldNameC="" defaultValue=""/>
        <fieldName fieldNameCB="厂牌型号" fieldNameC="CPXH" defaultValue=""/>
        <fieldName fieldNameCB="产地" fieldNameC="CD" defaultValue=""/>
        <fieldName fieldNameCB="生产厂家名称" fieldNameC="SCCJMC" defaultValue=""/>
        <fieldName fieldNameCB="文件类型" fieldNameC="WJ" defaultValue=""/>
        <PrimaryKey>
          <Value>1</Value>
        </PrimaryKey>
      </tableName>
    </table>

   <table>
     <!--CB数据表路径-->
    <tablePathCB>\DEFAULT\WORK\</tablePathCB>
     <!--表名称，tableNameCB="CB版本数据表名" tableNameC="C#版本数据表名"-->
    <tableName tableNameCB="系统税务信息" tableNameC="XTSWXX">
      <fieldName fieldNameCB="企业编号" fieldNameC="QYBH" defaultValue=""/>
      <fieldName fieldNameCB="企业名称" fieldNameC="QYMC" defaultValue=""/>
      <fieldName fieldNameCB="注册类型" fieldNameC="ZCLX" defaultValue=""/>
      <fieldName fieldNameCB="开票限额" fieldNameC="KPXE" defaultValue=""/>
      <fieldName fieldNameCB="报税日期" fieldNameC="BSRQ" defaultValue=""/>
      <fieldName fieldNameCB="报税软盘划分" fieldNameC="BSRPHF" defaultValue=""/>
      <fieldName fieldNameCB="银行帐号" fieldNameC="YHZH" defaultValue=""/>
      <fieldName fieldNameCB="法人代表" fieldNameC="FRDB" defaultValue=""/>
      <fieldName fieldNameCB="营业地址" fieldNameC="YYDZ" defaultValue=""/>
      <fieldName fieldNameCB="电话号码" fieldNameC="DHHM" defaultValue=""/>
      <fieldName fieldNameCB="简易征税" fieldNameC="JYZS" defaultValue=""/>
      <fieldName fieldNameCB="会计主管" fieldNameC="KJZG" defaultValue=""/>
      <PrimaryKey>
        <Value>1</Value>
      </PrimaryKey>
    </tableName>
  </table>


    <table>
      <!--CB数据表路径-->
    <tablePathCB>\SYSTEM\INFO\</tablePathCB>
     <!--表名称，tableNameCB="CB版本数据表名" tableNameC="C#版本数据表名"-->
    <tableName tableNameCB="行政区域编码" tableNameC="BM_XZQY">
      <fieldName fieldNameCB="编码" fieldNameC="BM" defaultValue=""/>
      <fieldName fieldNameCB="名称" fieldNameC="MC" defaultValue=""/>
      <PrimaryKey>
        <Value>1</Value>
      </PrimaryKey>
    </tableName>
  </table>
  </tableType>

  <tableType typeName="发票信息类表">
    <!--覆盖标志0=不提示覆盖删除相同数据后再添加数据，1="提示覆盖还是跳过"-->
    <overlayMark>1</overlayMark>

      <table>
        <!--CB数据表路径-->
        <tablePathCB>\DEFAULT\WORK\</tablePathCB>
        <!--表名称，tableNameCB="CB版本数据表名" tableNameC="C#版本数据表名"-->
        <tableName tableNameCB="销项发票" tableNameC="XXFP">
          <fieldName fieldNameCB="发票种类" fieldNameC="FPZL" defaultValue=""/>
          <fieldName fieldNameCB="类别代码" fieldNameC="FPDM" defaultValue=""/>
          <fieldName fieldNameCB="发票号码" fieldNameC="FPHM" defaultValue=""/>
          <fieldName fieldNameCB="开票机号" fieldNameC="KPJH" defaultValue=""/>
          <fieldName fieldNameCB="销售单据编号" fieldNameC="XSDJBH" defaultValue=""/>
          <fieldName fieldNameCB="购方名称" fieldNameC="GFMC" defaultValue=""/>
          <fieldName fieldNameCB="购方税号" fieldNameC="GFSH" defaultValue=""/>
          <fieldName fieldNameCB="购方地址电话" fieldNameC="GFDZDH" defaultValue=""/>
          <fieldName fieldNameCB="购方银行帐号" fieldNameC="GFYHZH" defaultValue=""/>
          <fieldName fieldNameCB="销方名称" fieldNameC="XFMC" defaultValue=""/>
          <fieldName fieldNameCB="销方税号" fieldNameC="XFSH" defaultValue=""/>
          <fieldName fieldNameCB="销方地址电话" fieldNameC="XFDZDH" defaultValue=""/>
          <fieldName fieldNameCB="销方银行帐号" fieldNameC="XFYHZH" defaultValue=""/>
          <fieldName fieldNameCB="销售部门" fieldNameC="XSBM" defaultValue=""/>
          <fieldName fieldNameCB="异地销售" fieldNameC="YDXS" defaultValue=""/>
          <fieldName fieldNameCB="加密版本号" fieldNameC="JMBBH" defaultValue=""/>
          <fieldName fieldNameCB="密文" fieldNameC="MW" defaultValue=""/>
          <fieldName fieldNameCB="开票日期" fieldNameC="KPRQ" defaultValue=""/>
          <fieldName fieldNameCB="所属月份" fieldNameC="SSYF" defaultValue=""/>
          <fieldName fieldNameCB="合计金额" fieldNameC="HJJE" defaultValue=""/>
          <fieldName fieldNameCB="税率" fieldNameC="SLV" defaultValue=""/>
          <fieldName fieldNameCB="合计税额" fieldNameC="HJSE" defaultValue=""/>
          <fieldName fieldNameCB="主要商品名称" fieldNameC="ZYSPMC" defaultValue=""/>
          <fieldName fieldNameCB="商品税目" fieldNameC="SPSM" defaultValue=""/>
          <fieldName fieldNameCB="记帐凭证号码" fieldNameC="JZPZHM" defaultValue=""/>
          <fieldName fieldNameCB="备注" fieldNameC="BZ" defaultValue=""/>
          <fieldName fieldNameCB="开票人" fieldNameC="KPR" defaultValue=""/>
          <fieldName fieldNameCB="复核人" fieldNameC="FHR" defaultValue=""/>
          <fieldName fieldNameCB="收款人" fieldNameC="SKR" defaultValue=""/>
          <fieldName fieldNameCB="打印标志" fieldNameC="DYBZ" defaultValue=""/>
          <fieldName fieldNameCB="清单标志" fieldNameC="QDBZ" defaultValue=""/>
          <fieldName fieldNameCB="购方编号" fieldNameC="GFBH" defaultValue=""/>
          <fieldName fieldNameCB="部门编号" fieldNameC="HZTZDH" defaultValue=""/>
          <fieldName fieldNameCB="商品编号" fieldNameC="SPBH" defaultValue=""/>
          <fieldName fieldNameCB="作废标志" fieldNameC="ZFBZ" defaultValue=""/>
          <fieldName fieldNameCB="报税标志" fieldNameC="BSBZ" defaultValue=""/>
          <fieldName fieldNameCB="登记标志" fieldNameC="DJBZ" defaultValue=""/>
          <fieldName fieldNameCB="外开标志" fieldNameC="WKBZ" defaultValue=""/>
          <fieldName fieldNameCB="修复标志" fieldNameC="XFBZ" defaultValue=""/>
          <fieldName fieldNameCB="校验码" fieldNameC="JYM" defaultValue=""/>
          <fieldName fieldNameCB="报税期" fieldNameC="BSQ" defaultValue=""/>
          <fieldName fieldNameCB="选择标志" fieldNameC="XZBZ" defaultValue=""/>
          <fieldName fieldNameCB="凭证类别" fieldNameC="PZLB" defaultValue=""/>
          <fieldName fieldNameCB="凭证号码" fieldNameC="PZHM" defaultValue=""/>
          <fieldName fieldNameCB="凭证业务号" fieldNameC="PZYWH" defaultValue=""/>
          <fieldName fieldNameCB="凭证状态" fieldNameC="PZZT" defaultValue=""/>
          <fieldName fieldNameCB="凭证日期" fieldNameC="PZRQ" defaultValue="1899-12-30 23:59:59"/>
          <fieldName fieldNameCB="汉信码" fieldNameC="HXM" defaultValue=""/>
          <fieldName fieldNameCB="索引号" fieldNameC="SYH" defaultValue="0"/>
          <fieldName fieldNameCB="设备标志" fieldNameC="SBBZ" defaultValue="0"/>
          <fieldName fieldNameCB="营业税标志" fieldNameC="YYSBZ" defaultValue="0000000000"/>
          <fieldName fieldNameCB="船名" fieldNameC="CM" defaultValue=""/>
          <fieldName fieldNameCB="到离港日期" fieldNameC="DLGRQ" defaultValue=""/>
          <fieldName fieldNameCB="开户银行名称" fieldNameC="KHYHMC" defaultValue=""/>
          <fieldName fieldNameCB="开户银行账号" fieldNameC="KHYHZH" defaultValue=""/>
          <fieldName fieldNameCB="提运单号" fieldNameC="TYDH" defaultValue=""/>
          <fieldName fieldNameCB="起运地" fieldNameC="QYD" defaultValue=""/>
          <fieldName fieldNameCB="装货地" fieldNameC="ZHD" defaultValue=""/>
          <fieldName fieldNameCB="卸货地" fieldNameC="XHD" defaultValue=""/>
          <fieldName fieldNameCB="目的地" fieldNameC="MDD" defaultValue=""/>
          <fieldName fieldNameCB="营业执照号" fieldNameC="YYZZH" defaultValue=""/>
          <fieldName fieldNameCB="行业编码" fieldNameC="HYBM" defaultValue=""/>
          <fieldName fieldNameCB="销方地址" fieldNameC="XFDZ" defaultValue=""/>
          <fieldName fieldNameCB="销方电话" fieldNameC="XFDH" defaultValue=""/>
          <fieldName fieldNameCB="机器编号" fieldNameC="JQBH" defaultValue=""/>
          <fieldName fieldNameCB="生产厂家名称" fieldNameC="SCCJMC" defaultValue=""/>
          <fieldName fieldNameCB="运输货物信息" fieldNameC="YSHWXX" defaultValue=""/>
          <fieldName fieldNameCB="报送状态" fieldNameC="BSZT" defaultValue=""/>
	  <fieldName fieldNameCB="报送日志" fieldNameC="BSRZ" defaultValue=""/>
          <PrimaryKey>
            <Value>1</Value>
            <Value>2</Value>
            <Value>3</Value>
          </PrimaryKey>
        </tableName>
      </table>



    <table>
        <!--CB数据表路径-->
        <tablePathCB>\DEFAULT\WORK\</tablePathCB>
        <!--表名称，tableNameCB="CB版本数据表名" tableNameC="C#版本数据表名"-->
        <tableName tableNameCB="销项发票明细" tableNameC="XXFP_MX">
          <fieldName fieldNameCB="发票种类" fieldNameC="FPZL" defaultValue=""/>
          <fieldName fieldNameCB="类别代码" fieldNameC="FPDM" defaultValue=""/>
          <fieldName fieldNameCB="发票号码" fieldNameC="FPHM" defaultValue=""/>
          <fieldName fieldNameCB="发票明细序号" fieldNameC="FPMXXH" defaultValue=""/>
          <fieldName fieldNameCB="销售单据编号" fieldNameC="XSDJBH" defaultValue=""/>
          <fieldName fieldNameCB="发票行性质" fieldNameC="FPHXZ" defaultValue=""/>
          <fieldName fieldNameCB="金额" fieldNameC="JE" defaultValue=""/>
          <fieldName fieldNameCB="税率" fieldNameC="SLV" defaultValue=""/>
          <fieldName fieldNameCB="税额" fieldNameC="SE" defaultValue=""/>
          <fieldName fieldNameCB="商品名称" fieldNameC="SPMC" defaultValue=""/>
          <fieldName fieldNameCB="商品税目" fieldNameC="SPSM" defaultValue=""/>
          <fieldName fieldNameCB="规格型号" fieldNameC="GGXH" defaultValue=""/>
          <fieldName fieldNameCB="计量单位" fieldNameC="JLDW" defaultValue=""/>
          <fieldName fieldNameCB="数量" fieldNameC="SL" defaultValue=""/>
          <fieldName fieldNameCB="单价" fieldNameC="DJ" defaultValue=""/>
          <fieldName fieldNameCB="含税价标志" fieldNameC="HSJBZ" defaultValue=""/>
          <fieldName fieldNameCB="商品编号" fieldNameC="SPBH" defaultValue=""/>
          <fieldName fieldNameCB="单据明细序号" fieldNameC="DJMXXH" defaultValue=""/>
          <PrimaryKey>
            <Value>1</Value>
            <Value>2</Value>
            <Value>3</Value>
            <Value>4</Value>
          </PrimaryKey>
        </tableName>
      </table>


    <table>
      <!--CB数据表路径-->
        <tablePathCB>\DEFAULT\WORK\</tablePathCB>
        <!--表名称，tableNameCB="CB版本数据表名" tableNameC="C#版本数据表名"-->
        <tableName tableNameCB="销项发票销货清单" tableNameC="XXFP_XHQD">
          <fieldName fieldNameCB="发票种类" fieldNameC="FPZL" defaultValue=""/>
          <fieldName fieldNameCB="类别代码" fieldNameC="FPDM" defaultValue=""/>
          <fieldName fieldNameCB="发票号码" fieldNameC="FPHM" defaultValue=""/>
          <fieldName fieldNameCB="序号" fieldNameC="FPMXXH" defaultValue=""/>
          <fieldName fieldNameCB="销售单据编号" fieldNameC="XSDJBH" defaultValue=""/>
          <fieldName fieldNameCB="发票行性质" fieldNameC="FPHXZ" defaultValue=""/>
          <fieldName fieldNameCB="金额" fieldNameC="JE" defaultValue=""/>
          <fieldName fieldNameCB="税率" fieldNameC="SLV" defaultValue=""/>
          <fieldName fieldNameCB="税额" fieldNameC="SE" defaultValue=""/>
          <fieldName fieldNameCB="商品名称" fieldNameC="SPMC" defaultValue=""/>
          <fieldName fieldNameCB="商品税目" fieldNameC="SPSM" defaultValue=""/>
          <fieldName fieldNameCB="规格型号" fieldNameC="GGXH" defaultValue=""/>
          <fieldName fieldNameCB="计量单位" fieldNameC="JLDW" defaultValue=""/>
          <fieldName fieldNameCB="数量" fieldNameC="SL" defaultValue=""/>
          <fieldName fieldNameCB="单价" fieldNameC="DJ" defaultValue=""/>
          <fieldName fieldNameCB="含税价标志" fieldNameC="HSJBZ" defaultValue=""/>
          <fieldName fieldNameCB="商品编号" fieldNameC="SPBH" defaultValue=""/>
          <fieldName fieldNameCB="单据明细序号" fieldNameC="DJMXXH" defaultValue=""/>
          <fieldName fieldNameCB="明细序号" fieldNameC="MXXH" defaultValue=""/>
          <fieldName fieldNameCB="明细页号" fieldNameC="MXYH" defaultValue=""/>
          <PrimaryKey>
            <Value>1</Value>
            <Value>2</Value>
            <Value>3</Value>
            <Value>4</Value>
          </PrimaryKey>
        </tableName>
      </table>
    </tableType>

  <!--表类型-->
  <tableType typeName="申请单类表">
    <!--覆盖标志0=不提示覆盖删除相同数据后再添加数据，1="提示覆盖还是跳过"-->
    <overlayMark>1</overlayMark>

    <table>
      <!--CB数据表路径-->
      <tablePathCB>\DEFAULT\WORK\</tablePathCB>
      <!--表名称，tableNameCB="CB版本数据表名" tableNameC="C#版本数据表名"-->
      <tableName tableNameCB="红字发票申请单" tableNameC="HZFP_SQD">
        <fieldName fieldNameCB="申请单号" fieldNameC="SQDH" defaultValue=""/>
        <fieldName fieldNameCB="发票种类" fieldNameC="FPZL" defaultValue=""/>
        <fieldName fieldNameCB="类别代码" fieldNameC="FPDM" defaultValue=""/>
        <fieldName fieldNameCB="发票号码" fieldNameC="FPHM" defaultValue=""/>
        <fieldName fieldNameCB="开票机号" fieldNameC="KPJH" defaultValue=""/>
        <fieldName fieldNameCB="购方名称" fieldNameC="GFMC" defaultValue=""/>
        <fieldName fieldNameCB="购方税号" fieldNameC="GFSH" defaultValue=""/>
        <fieldName fieldNameCB="购方编号" fieldNameC="GFBH" defaultValue=""/>
        <fieldName fieldNameCB="销方名称" fieldNameC="XFMC" defaultValue=""/>
        <fieldName fieldNameCB="销方税号" fieldNameC="XFSH" defaultValue=""/>
        <fieldName fieldNameCB="商品税目" fieldNameC="SPSM" defaultValue=""/>
        <fieldName fieldNameCB="填开日期" fieldNameC="TKRQ" defaultValue=""/>
        <fieldName fieldNameCB="所属月份" fieldNameC="SSYF" defaultValue=""/>
        <fieldName fieldNameCB="合计金额" fieldNameC="HJJE" defaultValue=""/>
        <fieldName fieldNameCB="税率" fieldNameC="SL" defaultValue=""/>
        <fieldName fieldNameCB="合计税额" fieldNameC="HJSE" defaultValue=""/>
        <fieldName fieldNameCB="经办人" fieldNameC="JBR" defaultValue=""/>
        <fieldName fieldNameCB="打印标志" fieldNameC="DYBZ" defaultValue=""/>
        <fieldName fieldNameCB="作废标志" fieldNameC="ZFBZ" defaultValue=""/>
        <fieldName fieldNameCB="申请选择" fieldNameC="SQXZ" defaultValue=""/>
        <fieldName fieldNameCB="申请理由" fieldNameC="SQLY" defaultValue=""/>
        <fieldName fieldNameCB="导出标志" fieldNameC="DCBZ" defaultValue=""/>
        <fieldName fieldNameCB="申请人电话" fieldNameC="SQRDH" defaultValue=""/>
        <fieldName fieldNameCB="营业税标志" fieldNameC="YYSBZ" defaultValue=""/>
        <fieldName fieldNameCB="版本标志" fieldNameC="BBBZ" defaultValue=""/>
        <fieldName fieldNameCB="法人代表" fieldNameC="FRDB" defaultValue=""/>
        <PrimaryKey>
          <Value>1</Value>
        </PrimaryKey>
      </tableName>
    </table>


    <table>
      <!--CB数据表路径-->
      <tablePathCB>\DEFAULT\WORK\</tablePathCB>
      <!--表名称，tableNameCB="CB版本数据表名" tableNameC="C#版本数据表名"-->
      <tableName tableNameCB="红字发票申请单明细" tableNameC="HZFP_SQD_MX">
        <fieldName fieldNameCB="申请单号" fieldNameC="SQDH" defaultValue=""/>
        <fieldName fieldNameCB="明细序号" fieldNameC="MXXH" defaultValue=""/>
        <fieldName fieldNameCB="金额" fieldNameC="JE" defaultValue=""/>
        <fieldName fieldNameCB="税率" fieldNameC="SLV" defaultValue=""/>
        <fieldName fieldNameCB="税额" fieldNameC="SE" defaultValue=""/>
        <fieldName fieldNameCB="商品名称" fieldNameC="SPMC" defaultValue=""/>
        <fieldName fieldNameCB="商品税目" fieldNameC="SPSM" defaultValue=""/>
        <fieldName fieldNameCB="规格型号" fieldNameC="GGXH" defaultValue=""/>
        <fieldName fieldNameCB="计量单位" fieldNameC="JLDW" defaultValue=""/>
        <fieldName fieldNameCB="数量" fieldNameC="SL" defaultValue=""/>
        <fieldName fieldNameCB="单价" fieldNameC="DJ" defaultValue=""/>
        <fieldName fieldNameCB="含税价标志" fieldNameC="HSJBZ" defaultValue=""/>
        <fieldName fieldNameCB="商品编号" fieldNameC="SPBH" defaultValue=""/>
        <fieldName fieldNameCB="发票行性质" fieldNameC="FPHXZ" defaultValue=""/>
        <PrimaryKey>
          <Value>1</Value>
          <Value>2</Value>
        </PrimaryKey>
      </tableName>
    </table>


    <table>
      <!--CB数据表路径-->
      <tablePathCB>\DEFAULT\WORK\</tablePathCB>
      <!--表名称，tableNameCB="CB版本数据表名" tableNameC="C#版本数据表名"-->
      <tableName tableNameCB="货运红字发票申请单" tableNameC="HZFPHY_SQD">
        <fieldName fieldNameCB="申请单号" fieldNameC="SQDH" defaultValue=""/>
        <fieldName fieldNameCB="发票种类" fieldNameC="FPZL" defaultValue=""/>
        <fieldName fieldNameCB="类别代码" fieldNameC="FPDM" defaultValue=""/>
        <fieldName fieldNameCB="发票号码" fieldNameC="FPHM" defaultValue=""/>
        <fieldName fieldNameCB="开票机号" fieldNameC="KPJH" defaultValue=""/>
        <fieldName fieldNameCB="购方名称" fieldNameC="GFMC" defaultValue=""/>
        <fieldName fieldNameCB="购方税号" fieldNameC="GFSH" defaultValue=""/>
        <fieldName fieldNameCB="购方编号" fieldNameC="GFBH" defaultValue=""/>
        <fieldName fieldNameCB="销方名称" fieldNameC="XFMC" defaultValue=""/>
        <fieldName fieldNameCB="销方税号" fieldNameC="XFSH" defaultValue=""/>
        <fieldName fieldNameCB="商品税目" fieldNameC="SPSM" defaultValue=""/>
        <fieldName fieldNameCB="填开日期" fieldNameC="TKRQ" defaultValue=""/>
        <fieldName fieldNameCB="所属月份" fieldNameC="SSYF" defaultValue=""/>
        <fieldName fieldNameCB="合计金额" fieldNameC="HJJE" defaultValue=""/>
        <fieldName fieldNameCB="税率" fieldNameC="SL" defaultValue=""/>
        <fieldName fieldNameCB="合计税额" fieldNameC="HJSE" defaultValue=""/>
        <fieldName fieldNameCB="经办人" fieldNameC="JBR" defaultValue=""/>
        <fieldName fieldNameCB="打印标志" fieldNameC="DYBZ" defaultValue=""/>
        <fieldName fieldNameCB="作废标志" fieldNameC="ZFBZ" defaultValue=""/>
        <fieldName fieldNameCB="申请选择" fieldNameC="SQXZ" defaultValue=""/>
        <fieldName fieldNameCB="申请理由" fieldNameC="SQLY" defaultValue=""/>
        <fieldName fieldNameCB="导出标志" fieldNameC="DCBZ" defaultValue=""/>
        <fieldName fieldNameCB="申请人电话" fieldNameC="SQRDH" defaultValue=""/>
        <fieldName fieldNameCB="营业税标志" fieldNameC="YYSBZ" defaultValue=""/>
        <fieldName fieldNameCB="版本标志" fieldNameC="BBBZ" defaultValue=""/>
        <fieldName fieldNameCB="法人代表" fieldNameC="FRDB" defaultValue=""/>
        <fieldName fieldNameCB="收货人名称" fieldNameC="SHRMC" defaultValue=""/>
        <fieldName fieldNameCB="收货人税号" fieldNameC="SHRSH" defaultValue=""/>
        <fieldName fieldNameCB="发货人名称" fieldNameC="FHRMC" defaultValue=""/>
        <fieldName fieldNameCB="发货人税号" fieldNameC="FHRSH" defaultValue=""/>
        <fieldName fieldNameCB="运输货物信息" fieldNameC="YSHWXX" defaultValue=""/>
        <fieldName fieldNameCB="车种车号" fieldNameC="CZCH" defaultValue=""/>
        <fieldName fieldNameCB="车船吨位" fieldNameC="CCDW" defaultValue=""/>
        <fieldName fieldNameCB="机器编号" fieldNameC="JQBH" defaultValue=""/>
        <fieldName fieldNameCB="逾期标志" fieldNameC="YQBZ" defaultValue=""/>
        <fieldName fieldNameCB="主管税务机关名称" fieldNameC="ZGSWJGMC" defaultValue=""/>
        <fieldName fieldNameCB="主管税务机关代码" fieldNameC="ZGSWJGDM" defaultValue=""/>
        <PrimaryKey>
          <Value>1</Value>
        </PrimaryKey>
      </tableName>
    </table>


    <table>
      <!--CB数据表路径-->
      <tablePathCB>\DEFAULT\WORK\</tablePathCB>
      <!--表名称，tableNameCB="CB版本数据表名" tableNameC="C#版本数据表名"-->
      <tableName tableNameCB="货运红字申请单明细" tableNameC="HZFPHY_SQD_MX">
        <fieldName fieldNameCB="申请单号" fieldNameC="SQDH" defaultValue=""/>
        <fieldName fieldNameCB="明细序号" fieldNameC="MXXH" defaultValue=""/>
        <fieldName fieldNameCB="金额" fieldNameC="JE" defaultValue=""/>
        <fieldName fieldNameCB="税率" fieldNameC="SLV" defaultValue=""/>
        <fieldName fieldNameCB="税额" fieldNameC="SE" defaultValue=""/>
        <fieldName fieldNameCB="商品名称" fieldNameC="SPMC" defaultValue=""/>
        <fieldName fieldNameCB="商品税目" fieldNameC="SPSM" defaultValue=""/>
        <fieldName fieldNameCB="规格型号" fieldNameC="GGXH" defaultValue=""/>
        <fieldName fieldNameCB="计量单位" fieldNameC="JLDW" defaultValue=""/>
        <fieldName fieldNameCB="数量" fieldNameC="SL" defaultValue=""/>
        <fieldName fieldNameCB="单价" fieldNameC="DJ" defaultValue=""/>
        <fieldName fieldNameCB="含税价标志" fieldNameC="HSJBZ" defaultValue=""/>
        <fieldName fieldNameCB="商品编号" fieldNameC="SPBH" defaultValue=""/>
        <fieldName fieldNameCB="发票行性质" fieldNameC="FPHXZ" defaultValue=""/>
        <PrimaryKey>
          <Value>1</Value>
          <Value>2</Value>
        </PrimaryKey>
      </tableName>
    </table>
    
  </tableType>



  <!--表类型-->
  <tableType typeName="单据类表">
    <!--覆盖标志0=不提示覆盖删除相同数据后再添加数据，1="提示覆盖还是跳过"-->
    <overlayMark>1</overlayMark>
    
    <table>
      <!--CB数据表路径-->
      <tablePathCB>\DEFAULT\WORK\</tablePathCB>
      <!--表名称，tableNameCB="CB版本数据表名" tableNameC="C#版本数据表名"-->
      <tableName tableNameCB="销售单据" tableNameC="XSDJ">
        <fieldName fieldNameCB="编号" fieldNameC="BH" defaultValue=""/>
        <fieldName fieldNameCB="购方名称" fieldNameC="GFMC" defaultValue=""/>
        <fieldName fieldNameCB="购方税号" fieldNameC="GFSH" defaultValue=""/>
        <fieldName fieldNameCB="购方地址电话" fieldNameC="GFDZDH" defaultValue=""/>
        <fieldName fieldNameCB="购方银行帐号" fieldNameC="GFYHZH" defaultValue=""/>
        <fieldName fieldNameCB="销售部门" fieldNameC="XSBM" defaultValue=""/>
        <fieldName fieldNameCB="异地销售" fieldNameC="YDXS" defaultValue=""/>
        <fieldName fieldNameCB="金额合计" fieldNameC="JEHJ" defaultValue=""/>
        <fieldName fieldNameCB="单据日期" fieldNameC="DJRQ" defaultValue=""/>
        <fieldName fieldNameCB="登记月份" fieldNameC="DJYF" defaultValue=""/>
        <fieldName fieldNameCB="单据状态" fieldNameC="DJZT" defaultValue=""/>
        <fieldName fieldNameCB="开票状态" fieldNameC="KPZT" defaultValue=""/>
        <fieldName fieldNameCB="备注" fieldNameC="BZ" defaultValue=""/>
        <fieldName fieldNameCB="复核人" fieldNameC="FHR" defaultValue=""/>
        <fieldName fieldNameCB="收款人" fieldNameC="SKR" defaultValue=""/>
        <fieldName fieldNameCB="清单行商品名称" fieldNameC="QDHSPMC" defaultValue=""/>
        <fieldName fieldNameCB="销方银行帐号" fieldNameC="XFYHZH" defaultValue=""/>
        <fieldName fieldNameCB="销方地址电话" fieldNameC="XFDZDH" defaultValue=""/>
        <fieldName fieldNameCB="拆分合并" fieldNameC="CFHB" defaultValue=""/>
        <fieldName fieldNameCB="单据种类" fieldNameC="DJZL" defaultValue=""/>
        <fieldName fieldNameCB="身份证校验" fieldNameC="SFZJY" defaultValue="0"/>
        <fieldName fieldNameCB="海洋石油" fieldNameC="HYSY" defaultValue="0"/>
        <fieldName fieldNameCB="船名" fieldNameC="CM" defaultValue=""/>
        <fieldName fieldNameCB="到离港日期" fieldNameC="DLGRQ" defaultValue=""/>
        <fieldName fieldNameCB="开户银行名称" fieldNameC="KHYHMC" defaultValue=""/>
        <fieldName fieldNameCB="开户银行账号" fieldNameC="KHYHZH" defaultValue=""/>
        <fieldName fieldNameCB="提运单号" fieldNameC="TYDH" defaultValue=""/>
        <fieldName fieldNameCB="起运地" fieldNameC="QYD" defaultValue=""/>
        <fieldName fieldNameCB="装货地" fieldNameC="ZHD" defaultValue=""/>
        <fieldName fieldNameCB="卸货地" fieldNameC="XHD" defaultValue=""/>
        <fieldName fieldNameCB="目的地" fieldNameC="MDD" defaultValue=""/>
        <fieldName fieldNameCB="销方地址" fieldNameC="XFDZ" defaultValue=""/>
        <fieldName fieldNameCB="销方电话" fieldNameC="XFDH" defaultValue=""/>
        <fieldName fieldNameCB="运输货物信息" fieldNameC="YSHWXX" defaultValue=""/>
        <fieldName fieldNameCB="生产厂家名称" fieldNameC="SCCJMC" defaultValue=""/>
        <fieldName fieldNameCB="税率" fieldNameC="SLV" defaultValue=""/>
        <fieldName fieldNameCB="吨位" fieldNameC="DW" defaultValue=""/>
        <fieldName fieldNameCB="发票种类" fieldNameC="FPZL" defaultValue=""/>
        <fieldName fieldNameCB="类别代码" fieldNameC="FPDM" defaultValue=""/>
        <fieldName fieldNameCB="发票号码" fieldNameC="FPHM" defaultValue=""/>
        <PrimaryKey>
          <Value>1</Value>
        </PrimaryKey>
      </tableName>
    </table>



    <table>
      <!--CB数据表路径-->
      <tablePathCB>\DEFAULT\WORK\</tablePathCB>
      <!--表名称，tableNameCB="CB版本数据表名" tableNameC="C#版本数据表名"-->
      <tableName tableNameCB="销售单据还原" tableNameC="XSDJ_HY">
        <fieldName fieldNameCB="编号" fieldNameC="BH" defaultValue=""/>
        <fieldName fieldNameCB="购方名称" fieldNameC="GFMC" defaultValue=""/>
        <fieldName fieldNameCB="购方税号" fieldNameC="GFSH" defaultValue=""/>
        <fieldName fieldNameCB="购方地址电话" fieldNameC="GFDZDH" defaultValue=""/>
        <fieldName fieldNameCB="购方银行帐号" fieldNameC="GFYHZH" defaultValue=""/>
        <fieldName fieldNameCB="销售部门" fieldNameC="XSBM" defaultValue=""/>
        <fieldName fieldNameCB="异地销售" fieldNameC="YDXS" defaultValue=""/>
        <fieldName fieldNameCB="金额合计" fieldNameC="JEHJ" defaultValue=""/>
        <fieldName fieldNameCB="单据日期" fieldNameC="DJRQ" defaultValue=""/>
        <fieldName fieldNameCB="登记月份" fieldNameC="DJYF" defaultValue=""/>
        <fieldName fieldNameCB="单据状态" fieldNameC="DJZT" defaultValue=""/>
        <fieldName fieldNameCB="开票状态" fieldNameC="KPZT" defaultValue=""/>
        <fieldName fieldNameCB="备注" fieldNameC="BZ" defaultValue=""/>
        <fieldName fieldNameCB="复核人" fieldNameC="FHR" defaultValue=""/>
        <fieldName fieldNameCB="收款人" fieldNameC="SKR" defaultValue=""/>
        <fieldName fieldNameCB="清单行商品名称" fieldNameC="QDHSPMC" defaultValue=""/>
        <fieldName fieldNameCB="销方银行帐号" fieldNameC="XFYHZH" defaultValue=""/>
        <fieldName fieldNameCB="销方地址电话" fieldNameC="XFDZDH" defaultValue=""/>
        <fieldName fieldNameCB="拆分合并" fieldNameC="CFHB" defaultValue=""/>
        <fieldName fieldNameCB="单据种类" fieldNameC="DJZL" defaultValue=""/>
        <fieldName fieldNameCB="身份证校验" fieldNameC="SFZJY" defaultValue="0"/>
        <fieldName fieldNameCB="海洋石油" fieldNameC="HYSY" defaultValue="0"/>
        <fieldName fieldNameCB="原始编号" fieldNameC="YSBH" defaultValue=""/>
        <fieldName fieldNameCB="船名" fieldNameC="CM" defaultValue=""/>
        <fieldName fieldNameCB="到离港日期" fieldNameC="DLGRQ" defaultValue=""/>
        <fieldName fieldNameCB="开户银行名称" fieldNameC="KHYHMC" defaultValue=""/>
        <fieldName fieldNameCB="开户银行账号" fieldNameC="KHYHZH" defaultValue=""/>
        <fieldName fieldNameCB="提运单号" fieldNameC="TYDH" defaultValue=""/>
        <fieldName fieldNameCB="起运地" fieldNameC="QYD" defaultValue=""/>
        <fieldName fieldNameCB="装货地" fieldNameC="ZHD" defaultValue=""/>
        <fieldName fieldNameCB="卸货地" fieldNameC="XHD" defaultValue=""/>
        <fieldName fieldNameCB="目的地" fieldNameC="MDD" defaultValue=""/>
        <fieldName fieldNameCB="销方地址" fieldNameC="XFDZ" defaultValue=""/>
        <fieldName fieldNameCB="销方电话" fieldNameC="XFDH" defaultValue=""/>
        <fieldName fieldNameCB="运输货物信息" fieldNameC="YSHWXX" defaultValue=""/>
        <fieldName fieldNameCB="生产厂家名称" fieldNameC="SCCJMC" defaultValue=""/>
        <fieldName fieldNameCB="税率" fieldNameC="SLV" defaultValue=""/>
        <fieldName fieldNameCB="吨位" fieldNameC="DW" defaultValue=""/>
        <fieldName fieldNameCB="发票种类" fieldNameC="FPZL" defaultValue=""/>
        <fieldName fieldNameCB="类别代码" fieldNameC="FPDM" defaultValue=""/>
        <fieldName fieldNameCB="发票号码" fieldNameC="FPHM" defaultValue=""/>
        <PrimaryKey>
          <Value>1</Value>
        </PrimaryKey>
      </tableName>
    </table>


    <table>
      <!--CB数据表路径-->
      <tablePathCB>\DEFAULT\WORK\</tablePathCB>
      <!--表名称，tableNameCB="CB版本数据表名" tableNameC="C#版本数据表名"-->
      <tableName tableNameCB="销售单据明细" tableNameC="XSDJ_MX">
        <fieldName fieldNameCB="销售单据编号" fieldNameC="XSDJBH" defaultValue=""/>
        <fieldName fieldNameCB="序号" fieldNameC="XH" defaultValue=""/>
        <fieldName fieldNameCB="数量" fieldNameC="SL" defaultValue=""/>
        <fieldName fieldNameCB="单价" fieldNameC="DJ" defaultValue=""/>
        <fieldName fieldNameCB="金额" fieldNameC="JE" defaultValue=""/>
        <fieldName fieldNameCB="税率" fieldNameC="SLV" defaultValue=""/>
        <fieldName fieldNameCB="税额" fieldNameC="SE" defaultValue=""/>
        <fieldName fieldNameCB="商品名称" fieldNameC="SPMC" defaultValue=""/>
        <fieldName fieldNameCB="商品税目" fieldNameC="SPSM" defaultValue=""/>
        <fieldName fieldNameCB="规格型号" fieldNameC="GGXH" defaultValue=""/>
        <fieldName fieldNameCB="计量单位" fieldNameC="JLDW" defaultValue=""/>
        <fieldName fieldNameCB="含税价标志" fieldNameC="HSJBZ" defaultValue=""/>
        <fieldName fieldNameCB="单据行性质" fieldNameC="DJHXZ" defaultValue=""/>
        <fieldName fieldNameCB="发票种类" fieldNameC="FPZL" defaultValue=""/>
        <fieldName fieldNameCB="类别代码" fieldNameC="FPDM" defaultValue=""/>
        <fieldName fieldNameCB="发票号码" fieldNameC="FPHM" defaultValue=""/>
        <fieldName fieldNameCB="生成发票序号" fieldNameC="SCFPXH" defaultValue=""/>
        <PrimaryKey>
          <Value>1</Value>
          <Value>2</Value>
        </PrimaryKey>
      </tableName>
    </table>

    <table>
      <!--CB数据表路径-->
      <tablePathCB>\DEFAULT\WORK\</tablePathCB>
      <!--表名称，tableNameCB="CB版本数据表名" tableNameC="C#版本数据表名"-->
      <tableName tableNameCB="销售单据明细还原" tableNameC="XSDJ_MX_HY">
        <fieldName fieldNameCB="销售单据编号" fieldNameC="XSDJBH" defaultValue=""/>
        <fieldName fieldNameCB="序号" fieldNameC="XH" defaultValue=""/>
        <fieldName fieldNameCB="数量" fieldNameC="SL" defaultValue=""/>
        <fieldName fieldNameCB="单价" fieldNameC="DJ" defaultValue=""/>
        <fieldName fieldNameCB="金额" fieldNameC="JE" defaultValue=""/>
        <fieldName fieldNameCB="税率" fieldNameC="SLV" defaultValue=""/>
        <fieldName fieldNameCB="税额" fieldNameC="SE" defaultValue=""/>
        <fieldName fieldNameCB="商品名称" fieldNameC="SPMC" defaultValue=""/>
        <fieldName fieldNameCB="商品税目" fieldNameC="SPSM" defaultValue=""/>
        <fieldName fieldNameCB="规格型号" fieldNameC="GGXH" defaultValue=""/>
        <fieldName fieldNameCB="计量单位" fieldNameC="JLDW" defaultValue=""/>
        <fieldName fieldNameCB="含税价标志" fieldNameC="HSJBZ" defaultValue=""/>
        <fieldName fieldNameCB="单据行性质" fieldNameC="DJHXZ" defaultValue=""/>
        <fieldName fieldNameCB="发票种类" fieldNameC="FPZL" defaultValue=""/>
        <fieldName fieldNameCB="类别代码" fieldNameC="FPDM" defaultValue=""/>
        <fieldName fieldNameCB="发票号码" fieldNameC="FPHM" defaultValue=""/>
        <fieldName fieldNameCB="生成发票序号" fieldNameC="SCFPXH" defaultValue=""/>
        <PrimaryKey>
          <Value>1</Value>
          <Value>2</Value>
        </PrimaryKey>
      </tableName>
    </table>
    
  </tableType>



</root>
