﻿<?xml version="1.0" encoding="utf-8"?>
<root>
  <AcceptWebServer>https://skfp.tax.sh.gov.cn:443</AcceptWebServer>
  <IsUseProxy>False</IsUseProxy>
  <ProxyType>HTTP</ProxyType>
  <ProxyHost>
  </ProxyHost>
  <ProxyPort>
  </ProxyPort>
  <IsAuthConfirm>False</IsAuthConfirm>
  <ProxyAuthType>BASIC</ProxyAuthType>
  <ProxyAuthUser>
  </ProxyAuthUser>
  <ProxyAuthPassword>
  </ProxyAuthPassword>
  <UploadNowFlag>True</UploadNowFlag>
  <IntervalFlag>False</IntervalFlag>
  <IntervalTime>0</IntervalTime>
  <AccumulateFlag>False</AccumulateFlag>
  <AccumulateNum>0</AccumulateNum>
  <DataSize>10</DataSize>
</root>