﻿<?xml version="1.0" encoding="utf-8"?>
<XTQY>
	<ZYJKLX Count="3">
		<Type0>01B093201</Type0>
		<Type1>01C333201</Type1>
		<Type2>01Y000101</Type2>
	</ZYJKLX>
	<ZYJKSQ>
		<CORP_RATE_XTKCPSCQY>稀土矿产品生产企业</CORP_RATE_XTKCPSCQY>
		<CORP_RATE_XTYLFLQY>稀土冶炼分离企业</CORP_RATE_XTYLFLQY>
		<CORP_RATE_XTSMQY>稀土商贸企业</CORP_RATE_XTSMQY>
		<CORP_RATE_XTKCPSCQYYCX>稀土矿产品生产企业已撤销</CORP_RATE_XTKCPSCQYYCX>
		<CORP_RATE_XTYLFLQYYCX>稀土冶炼分离企业已撤销</CORP_RATE_XTYLFLQYYCX>
		<CORP_RATE_XTSMQYYCX>稀土商贸企业已撤销</CORP_RATE_XTSMQYYCX>
	</ZYJKSQ>
</XTQY>